"seed","data","criterion","method","K","silhouette","dunn","ari_true","runtime","filename"
1,"Atom","dunnindex","True",2,0.311325057003943,0.371070999354494,1,0,"Atom-dunnindex-seed1"
1,"Atom","dunnindex","ICOT_local",2,0.257823150501718,0.13687273124837,1.25158008073118e-05,4192.831560626,"Atom-dunnindex-seed1"
1,"Atom","dunnindex","OCT",3,0.441534002314097,0.0536282032498416,-10,0.380888995,"Atom-dunnindex-seed1"
1,"Atom","dunnindex","kmeans_plus",3,0.446194062968273,0.052142102954956,-10,2.527794032,"Atom-dunnindex-seed1"
1,"Atom","dunnindex","hclust",9,0.576283209451983,0.0972301957730685,-10,2.205329349,"Atom-dunnindex-seed1"
1,"Atom","dunnindex","gmm",8,0.567081024472932,0.0471970472863335,-10,0.250527423,"Atom-dunnindex-seed1"
1,"Atom","dunnindex","dbscan",1,-0.0597249434935304,0.0176214931762203,-10,1.240595483,"Atom-dunnindex-seed1"
2,"Atom","dunnindex","True",2,0.311325057003943,0.371070999354494,1,0,"Atom-dunnindex-seed2"
2,"Atom","dunnindex","ICOT_local",2,0.257823150501718,0.13687273124837,1.25158008073118e-05,4464.525525889,"Atom-dunnindex-seed2"
2,"Atom","dunnindex","OCT",3,0.441534002314097,0.0536282032498416,-10,0.368989205,"Atom-dunnindex-seed2"
2,"Atom","dunnindex","kmeans_plus",3,0.446194062968273,0.052142102954956,-10,2.545075033,"Atom-dunnindex-seed2"
2,"Atom","dunnindex","hclust",9,0.576283209451983,0.0972301957730685,-10,2.381849303,"Atom-dunnindex-seed2"
2,"Atom","dunnindex","gmm",3,0.419325113905826,0.0537430486798184,-10,0.265239595,"Atom-dunnindex-seed2"
2,"Atom","dunnindex","dbscan",1,-0.0597249434935304,0.0176214931762203,-10,1.263780594,"Atom-dunnindex-seed2"
3,"Atom","dunnindex","True",2,0.311325057003943,0.371070999354494,1,0,"Atom-dunnindex-seed3"
3,"Atom","dunnindex","ICOT_local",2,0.257823150501718,0.13687273124837,1.25158008073118e-05,4483.687249142,"Atom-dunnindex-seed3"
3,"Atom","dunnindex","OCT",3,0.442576946146258,0.0536282032498416,-10,0.390598399,"Atom-dunnindex-seed3"
3,"Atom","dunnindex","kmeans_plus",3,0.446194062968273,0.052142102954956,-10,2.545015299,"Atom-dunnindex-seed3"
3,"Atom","dunnindex","hclust",9,0.576283209451983,0.0972301957730685,-10,2.483570441,"Atom-dunnindex-seed3"
3,"Atom","dunnindex","gmm",9,0.569812118131474,0.0498671389838498,-10,0.271740459,"Atom-dunnindex-seed3"
3,"Atom","dunnindex","dbscan",1,-0.0597249434935304,0.0176214931762203,-10,1.274683036,"Atom-dunnindex-seed3"
4,"Atom","dunnindex","True",2,0.311325057003943,0.371070999354494,1,0,"Atom-dunnindex-seed4"
4,"Atom","dunnindex","ICOT_local",2,0.257823150501718,0.13687273124837,1.25158008073118e-05,4323.886558434,"Atom-dunnindex-seed4"
4,"Atom","dunnindex","OCT",3,0.442576946146258,0.0536282032498416,-10,0.40481426,"Atom-dunnindex-seed4"
4,"Atom","dunnindex","kmeans_plus",3,0.446194062968273,0.052142102954956,-10,2.733415824,"Atom-dunnindex-seed4"
4,"Atom","dunnindex","hclust",9,0.576283209451983,0.0972301957730685,-10,2.26814508,"Atom-dunnindex-seed4"
4,"Atom","dunnindex","gmm",3,0.41938313665665,0.0480929311055705,-10,0.257273643,"Atom-dunnindex-seed4"
4,"Atom","dunnindex","dbscan",1,-0.0597249434935304,0.0176214931762203,-10,1.230795008,"Atom-dunnindex-seed4"
5,"Atom","dunnindex","True",2,0.311325057003943,0.371070999354494,1,0,"Atom-dunnindex-seed5"
5,"Atom","dunnindex","ICOT_local",2,0.257823150501718,0.13687273124837,1.25158008073118e-05,4597.653734508,"Atom-dunnindex-seed5"
5,"Atom","dunnindex","OCT",3,0.441534002314097,0.0536282032498416,-10,0.38868566,"Atom-dunnindex-seed5"
5,"Atom","dunnindex","kmeans_plus",3,0.446194062968273,0.052142102954956,-10,2.608270962,"Atom-dunnindex-seed5"
5,"Atom","dunnindex","hclust",9,0.576283209451983,0.0972301957730685,-10,2.207905412,"Atom-dunnindex-seed5"
5,"Atom","dunnindex","gmm",3,0.364440818053443,0.0397197095883228,-10,0.257663131,"Atom-dunnindex-seed5"
5,"Atom","dunnindex","dbscan",1,-0.0597249434935304,0.0176214931762203,-10,1.305669737,"Atom-dunnindex-seed5"
1,"Atom","silhouette","True",2,0.311325057003943,0.371070999354494,1,0,"Atom-silhouette-seed1"
1,"Atom","silhouette","ICOT_local",8,0.520575949687382,0.0277968945365854,-10,3795.007051826,"Atom-silhouette-seed1"
1,"Atom","silhouette","OCT",10,0.464143227552027,0.0264781454834692,-10,0.505070667,"Atom-silhouette-seed1"
1,"Atom","silhouette","kmeans_plus",10,0.613691066135672,0.0306303259602759,-10,2.281299674,"Atom-silhouette-seed1"
1,"Atom","silhouette","hclust",10,0.592659764621082,0.0745113561803146,-10,2.029938468,"Atom-silhouette-seed1"
1,"Atom","silhouette","gmm",8,0.567081024472932,0.0471970472863335,-10,0.225965331,"Atom-silhouette-seed1"
1,"Atom","silhouette","dbscan",0.8,-0.0119758941864208,0.0151986133759687,-10,0.783985379,"Atom-silhouette-seed1"
2,"Atom","silhouette","True",2,0.311325057003943,0.371070999354494,1,0,"Atom-silhouette-seed2"
2,"Atom","silhouette","ICOT_local",8,0.520502219198302,0.0277968945365854,-10,4244.699952771,"Atom-silhouette-seed2"
2,"Atom","silhouette","OCT",10,0.500176255665662,0.0166126125769339,-10,0.566637728,"Atom-silhouette-seed2"
2,"Atom","silhouette","kmeans_plus",10,0.613312887864168,0.0311048280682212,-10,2.49735313,"Atom-silhouette-seed2"
2,"Atom","silhouette","hclust",10,0.592659764621082,0.0745113561803146,-10,2.150894674,"Atom-silhouette-seed2"
2,"Atom","silhouette","gmm",7,0.554286064133223,0.026344373553401,-10,0.225003105,"Atom-silhouette-seed2"
2,"Atom","silhouette","dbscan",0.8,-0.0119758941864208,0.0151986133759687,-10,0.825021853,"Atom-silhouette-seed2"
3,"Atom","silhouette","True",2,0.311325057003943,0.371070999354494,1,0,"Atom-silhouette-seed3"
3,"Atom","silhouette","ICOT_local",8,0.520519552882949,0.0277968945365854,-10,4273.656142449,"Atom-silhouette-seed3"
3,"Atom","silhouette","OCT",10,0.48277115457094,0.0268139620833525,-10,0.610074694,"Atom-silhouette-seed3"
3,"Atom","silhouette","kmeans_plus",10,0.614832298886275,0.038604578722138,-10,2.494706544,"Atom-silhouette-seed3"
3,"Atom","silhouette","hclust",10,0.592659764621082,0.0745113561803146,-10,2.179951204,"Atom-silhouette-seed3"
3,"Atom","silhouette","gmm",9,0.569812118131474,0.0498671389838498,-10,0.232361647,"Atom-silhouette-seed3"
3,"Atom","silhouette","dbscan",0.8,-0.0119758941864208,0.0151986133759687,-10,1.016405496,"Atom-silhouette-seed3"
4,"Atom","silhouette","True",2,0.311325057003943,0.371070999354494,1,0,"Atom-silhouette-seed4"
4,"Atom","silhouette","ICOT_local",8,0.520502219198302,0.0277968945365854,-10,4190.445622033,"Atom-silhouette-seed4"
4,"Atom","silhouette","OCT",10,0.489449779533288,0.0264408671515923,-10,0.615776799,"Atom-silhouette-seed4"
4,"Atom","silhouette","kmeans_plus",10,0.61497441759919,0.038604578722138,-10,2.63431866,"Atom-silhouette-seed4"
4,"Atom","silhouette","hclust",10,0.592659764621082,0.0745113561803146,-10,2.295269381,"Atom-silhouette-seed4"
4,"Atom","silhouette","gmm",10,0.569421524250431,0.0323720708452719,-10,0.236431812,"Atom-silhouette-seed4"
4,"Atom","silhouette","dbscan",0.8,-0.0119758941864208,0.0151986133759687,-10,0.836976987,"Atom-silhouette-seed4"
5,"Atom","silhouette","True",2,0.311325057003943,0.371070999354494,1,0,"Atom-silhouette-seed5"
5,"Atom","silhouette","ICOT_local",8,0.520557356546254,0.0277968945365854,-10,4221.226513572,"Atom-silhouette-seed5"
5,"Atom","silhouette","OCT",10,0.470375723951312,0.0163834489968039,-10,0.559281374,"Atom-silhouette-seed5"
5,"Atom","silhouette","kmeans_plus",10,0.614643769388578,0.0228683150851142,-10,2.645438076,"Atom-silhouette-seed5"
5,"Atom","silhouette","hclust",10,0.592659764621082,0.0745113561803146,-10,2.402266333,"Atom-silhouette-seed5"
5,"Atom","silhouette","gmm",7,0.561925798072976,0.0310235964877894,-10,0.238715166,"Atom-silhouette-seed5"
5,"Atom","silhouette","dbscan",0.8,-0.0119758941864208,0.0151986133759687,-10,0.835728041,"Atom-silhouette-seed5"
1,"Chainlink","dunnindex","True",2,0.157634784984261,0.264920484035693,1,0,"Chainlink-dunnindex-seed1"
1,"Chainlink","dunnindex","ICOT_local",2,0.00455239839208024,0.0316822855122433,0,10908.530856007,"Chainlink-dunnindex-seed1"
1,"Chainlink","dunnindex","OCT",8,0.322707339773334,0.0107609174304672,-10,0.568550838,"Chainlink-dunnindex-seed1"
1,"Chainlink","dunnindex","kmeans_plus",8,0.496856011600862,0.0302325601325604,-10,3.33836006,"Chainlink-dunnindex-seed1"
1,"Chainlink","dunnindex","hclust",9,0.476574415389627,0.0373478629998151,-10,2.770843648,"Chainlink-dunnindex-seed1"
1,"Chainlink","dunnindex","gmm",6,0.319416901614077,0.016896546374942,-10,0.337949411,"Chainlink-dunnindex-seed1"
1,"Chainlink","dunnindex","dbscan",0.4,0.157634784984261,0.264920484035693,-10,0.808104186,"Chainlink-dunnindex-seed1"
2,"Chainlink","dunnindex","True",2,0.157634784984261,0.264920484035693,1,0,"Chainlink-dunnindex-seed2"
2,"Chainlink","dunnindex","ICOT_local",2,0.00455239839208024,0.0316822855122433,0,10664.259951259,"Chainlink-dunnindex-seed2"
2,"Chainlink","dunnindex","OCT",8,0.386889892962835,0.00550903205640156,-10,0.586377184,"Chainlink-dunnindex-seed2"
2,"Chainlink","dunnindex","kmeans_plus",8,0.497376570708463,0.0302325138948685,-10,3.269279557,"Chainlink-dunnindex-seed2"
2,"Chainlink","dunnindex","hclust",9,0.476574415389627,0.0373478629998151,-10,2.628801771,"Chainlink-dunnindex-seed2"
2,"Chainlink","dunnindex","gmm",7,0.316215159644097,0.016896546374942,-10,0.344764018,"Chainlink-dunnindex-seed2"
2,"Chainlink","dunnindex","dbscan",0.4,0.157634784984261,0.264920484035693,-10,0.686689705,"Chainlink-dunnindex-seed2"
3,"Chainlink","dunnindex","True",2,0.157634784984261,0.264920484035693,1,0,"Chainlink-dunnindex-seed3"
3,"Chainlink","dunnindex","ICOT_local",2,0.00455239839208024,0.0316822855122433,0,10414.259149164,"Chainlink-dunnindex-seed3"
3,"Chainlink","dunnindex","OCT",10,0.372936337784814,0.009365729061128,-10,0.842610958,"Chainlink-dunnindex-seed3"
3,"Chainlink","dunnindex","kmeans_plus",10,0.500516145413477,0.0302784478852165,-10,3.185007138,"Chainlink-dunnindex-seed3"
3,"Chainlink","dunnindex","hclust",9,0.476574415389627,0.0373478629998151,-10,2.658991579,"Chainlink-dunnindex-seed3"
3,"Chainlink","dunnindex","gmm",6,0.362108977812716,0.0161794097860718,-10,0.388425279,"Chainlink-dunnindex-seed3"
3,"Chainlink","dunnindex","dbscan",0.4,0.157634784984261,0.264920484035693,-10,0.712142015,"Chainlink-dunnindex-seed3"
4,"Chainlink","dunnindex","True",2,0.157634784984261,0.264920484035693,1,0,"Chainlink-dunnindex-seed4"
4,"Chainlink","dunnindex","ICOT_local",2,0.00455239839208024,0.0316822855122433,0,10642.322857468,"Chainlink-dunnindex-seed4"
4,"Chainlink","dunnindex","OCT",8,0.322707339773334,0.0107609174304672,-10,0.771255884,"Chainlink-dunnindex-seed4"
4,"Chainlink","dunnindex","kmeans_plus",8,0.497237351196446,0.0302325601325604,-10,3.197463771,"Chainlink-dunnindex-seed4"
4,"Chainlink","dunnindex","hclust",9,0.476574415389627,0.0373478629998151,-10,2.789974929,"Chainlink-dunnindex-seed4"
4,"Chainlink","dunnindex","gmm",7,0.380699991935625,0.0189311375508174,-10,0.311956981,"Chainlink-dunnindex-seed4"
4,"Chainlink","dunnindex","dbscan",0.4,0.157634784984261,0.264920484035693,-10,0.76655762,"Chainlink-dunnindex-seed4"
1,"Chainlink","silhouette","True",2,0.157634784984261,0.264920484035693,1,0,"Chainlink-silhouette-seed1"
1,"Chainlink","silhouette","ICOT_local",4,0.390961159440272,0.0176604268622038,-10,5738.54533675,"Chainlink-silhouette-seed1"
1,"Chainlink","silhouette","OCT",10,0.316476337677694,0.0153192312168552,-10,0.682131794,"Chainlink-silhouette-seed1"
1,"Chainlink","silhouette","kmeans_plus",10,0.50127463339641,0.0253854900852975,-10,3.324951128,"Chainlink-silhouette-seed1"
1,"Chainlink","silhouette","hclust",10,0.495714338045537,0.0373478629998151,-10,2.700962297,"Chainlink-silhouette-seed1"
1,"Chainlink","silhouette","gmm",9,0.406733213590969,0.00802793061352241,-10,0.28538732,"Chainlink-silhouette-seed1"
1,"Chainlink","silhouette","dbscan",0.1,0.16840106299247,0.0273915403771608,-10,0.722139999,"Chainlink-silhouette-seed1"
2,"Chainlink","silhouette","True",2,0.157634784984261,0.264920484035693,1,0,"Chainlink-silhouette-seed2"
2,"Chainlink","silhouette","ICOT_local",4,0.390961159440272,0.0176604268622038,-10,5407.722621205,"Chainlink-silhouette-seed2"
2,"Chainlink","silhouette","OCT",10,0.314861128998329,0.0157529065332377,-10,0.704454243,"Chainlink-silhouette-seed2"
2,"Chainlink","silhouette","kmeans_plus",10,0.500534586398572,0.0301386810986729,-10,3.257856903,"Chainlink-silhouette-seed2"
2,"Chainlink","silhouette","hclust",10,0.495714338045537,0.0373478629998151,-10,2.695613448,"Chainlink-silhouette-seed2"
2,"Chainlink","silhouette","gmm",9,0.407055149399175,0.00821894833606118,-10,0.271186529,"Chainlink-silhouette-seed2"
2,"Chainlink","silhouette","dbscan",0.1,0.16840106299247,0.0273915403771608,-10,0.654333491,"Chainlink-silhouette-seed2"
3,"Chainlink","silhouette","True",2,0.157634784984261,0.264920484035693,1,0,"Chainlink-silhouette-seed3"
3,"Chainlink","silhouette","ICOT_local",4,0.390961159440272,0.0176604268622038,-10,5398.503309286,"Chainlink-silhouette-seed3"
3,"Chainlink","silhouette","OCT",10,0.372936337784814,0.009365729061128,-10,0.712389742,"Chainlink-silhouette-seed3"
3,"Chainlink","silhouette","kmeans_plus",10,0.500516145413477,0.0302784478852165,-10,3.114614637,"Chainlink-silhouette-seed3"
3,"Chainlink","silhouette","hclust",10,0.495714338045537,0.0373478629998151,-10,2.627718869,"Chainlink-silhouette-seed3"
3,"Chainlink","silhouette","gmm",10,0.411723917095878,0.00821894833606118,-10,0.285361719,"Chainlink-silhouette-seed3"
3,"Chainlink","silhouette","dbscan",0.1,0.16840106299247,0.0273915403771608,-10,0.690148,"Chainlink-silhouette-seed3"
4,"Chainlink","silhouette","True",2,0.157634784984261,0.264920484035693,1,0,"Chainlink-silhouette-seed4"
4,"Chainlink","silhouette","ICOT_local",4,0.390961159440272,0.0176604268622038,-10,5614.753163079,"Chainlink-silhouette-seed4"
4,"Chainlink","silhouette","OCT",10,0.316476337677694,0.0153192312168552,-10,0.722684091,"Chainlink-silhouette-seed4"
4,"Chainlink","silhouette","kmeans_plus",10,0.50127463339641,0.0253854900852975,-10,3.142999964,"Chainlink-silhouette-seed4"
4,"Chainlink","silhouette","hclust",10,0.495714338045537,0.0373478629998151,-10,2.8073435,"Chainlink-silhouette-seed4"
4,"Chainlink","silhouette","gmm",10,0.402021271061969,0.0125505833320631,-10,0.27676941,"Chainlink-silhouette-seed4"
4,"Chainlink","silhouette","dbscan",0.1,0.16840106299247,0.0273915403771608,-10,0.620503134,"Chainlink-silhouette-seed4"
5,"Chainlink","silhouette","True",2,0.157634784984261,0.264920484035693,1,0,"Chainlink-silhouette-seed5"
5,"Chainlink","silhouette","ICOT_local",4,0.390961159440272,0.0176604268622038,-10,5250.516052772,"Chainlink-silhouette-seed5"
5,"Chainlink","silhouette","OCT",10,0.330678816870154,0.00961284295306698,-10,0.719389876,"Chainlink-silhouette-seed5"
5,"Chainlink","silhouette","kmeans_plus",10,0.500804209280547,0.0307639427112836,-10,3.216586406,"Chainlink-silhouette-seed5"
5,"Chainlink","silhouette","hclust",10,0.495714338045537,0.0373478629998151,-10,2.783117842,"Chainlink-silhouette-seed5"
5,"Chainlink","silhouette","gmm",8,0.418854292258871,0.0114881835076279,-10,0.291789722,"Chainlink-silhouette-seed5"
5,"Chainlink","silhouette","dbscan",0.1,0.16840106299247,0.0273915403771608,-10,0.683131421,"Chainlink-silhouette-seed5"
1,"Hepta","dunnindex","True",7,0.701701220874264,1.07618340765214,1,0,"Hepta-dunnindex-seed1"
1,"Hepta","dunnindex","ICOT_local",4,0.449179267681687,0.357475223438775,-10,117.865953197,"Hepta-dunnindex-seed1"
1,"Hepta","dunnindex","OCT",7,0.372975456024656,0.0274417123112856,0.49242569107585,0.150782446,"Hepta-dunnindex-seed1"
1,"Hepta","dunnindex","kmeans_plus",7,0.701701220874264,1.07618340765214,1,0.501546978,"Hepta-dunnindex-seed1"
1,"Hepta","dunnindex","hclust",7,0.701701220874264,1.07618340765214,1,0.808302366,"Hepta-dunnindex-seed1"
1,"Hepta","dunnindex","gmm",7,0.701701220874264,1.07618340765214,1,0.165658527,"Hepta-dunnindex-seed1"
1,"Hepta","dunnindex","dbscan",1,0.701701220874264,1.07618340765214,-10,0.448155835,"Hepta-dunnindex-seed1"
2,"Hepta","dunnindex","True",7,0.701701220874264,1.07618340765214,1,0,"Hepta-dunnindex-seed2"
2,"Hepta","dunnindex","ICOT_local",4,0.449179267681687,0.357475223438775,-10,124.292913037,"Hepta-dunnindex-seed2"
2,"Hepta","dunnindex","OCT",7,0.372988625145858,0.0274417123112856,0.490513354367595,0.065025594,"Hepta-dunnindex-seed2"
2,"Hepta","dunnindex","kmeans_plus",7,0.701701220874264,1.07618340765214,1,0.462568009,"Hepta-dunnindex-seed2"
2,"Hepta","dunnindex","hclust",7,0.701701220874264,1.07618340765214,1,0.576966232,"Hepta-dunnindex-seed2"
2,"Hepta","dunnindex","gmm",5,0.539329774550637,0.351974840536907,-10,0.167839568,"Hepta-dunnindex-seed2"
2,"Hepta","dunnindex","dbscan",1,0.701701220874264,1.07618340765214,-10,0.414139053,"Hepta-dunnindex-seed2"
3,"Hepta","dunnindex","True",7,0.701701220874264,1.07618340765214,1,0,"Hepta-dunnindex-seed3"
3,"Hepta","dunnindex","ICOT_local",4,0.449179267681687,0.357475223438775,-10,118.712343293,"Hepta-dunnindex-seed3"
3,"Hepta","dunnindex","OCT",7,0.372975456024656,0.0274417123112856,0.49242569107585,0.06481162,"Hepta-dunnindex-seed3"
3,"Hepta","dunnindex","kmeans_plus",7,0.701701220874264,1.07618340765214,1,0.41929318,"Hepta-dunnindex-seed3"
3,"Hepta","dunnindex","hclust",7,0.701701220874264,1.07618340765214,1,0.455470019,"Hepta-dunnindex-seed3"
3,"Hepta","dunnindex","gmm",2,0.0989145549124749,0.274610735205372,-10,0.177144206,"Hepta-dunnindex-seed3"
3,"Hepta","dunnindex","dbscan",1,0.701701220874264,1.07618340765214,-10,0.45775246,"Hepta-dunnindex-seed3"
4,"Hepta","dunnindex","True",7,0.701701220874264,1.07618340765214,1,0,"Hepta-dunnindex-seed4"
4,"Hepta","dunnindex","ICOT_local",4,0.449179267681687,0.357475223438775,-10,119.917287622,"Hepta-dunnindex-seed4"
4,"Hepta","dunnindex","OCT",7,0.372975456024656,0.0274417123112856,0.49242569107585,0.138472264,"Hepta-dunnindex-seed4"
4,"Hepta","dunnindex","kmeans_plus",7,0.701701220874264,1.07618340765214,1,0.435741673,"Hepta-dunnindex-seed4"
4,"Hepta","dunnindex","hclust",7,0.701701220874264,1.07618340765214,1,0.473622904,"Hepta-dunnindex-seed4"
4,"Hepta","dunnindex","gmm",4,0.42642819280759,0.354575132859287,-10,0.179224743,"Hepta-dunnindex-seed4"
4,"Hepta","dunnindex","dbscan",1,0.701701220874264,1.07618340765214,-10,0.412106272,"Hepta-dunnindex-seed4"
5,"Hepta","dunnindex","True",7,0.701701220874264,1.07618340765214,1,0,"Hepta-dunnindex-seed5"
5,"Hepta","dunnindex","ICOT_local",4,0.449179267681687,0.357475223438775,-10,121.146026806,"Hepta-dunnindex-seed5"
5,"Hepta","dunnindex","OCT",7,0.376570111502805,0.0274417123112856,0.492759452034735,0.090147725,"Hepta-dunnindex-seed5"
5,"Hepta","dunnindex","kmeans_plus",7,0.701701220874264,1.07618340765214,1,0.422752583,"Hepta-dunnindex-seed5"
5,"Hepta","dunnindex","hclust",7,0.701701220874264,1.07618340765214,1,0.675184907,"Hepta-dunnindex-seed5"
5,"Hepta","dunnindex","gmm",4,0.452244187462668,0.354210202724347,-10,0.195843436,"Hepta-dunnindex-seed5"
5,"Hepta","dunnindex","dbscan",1,0.701701220874264,1.07618340765214,-10,0.422780112,"Hepta-dunnindex-seed5"
1,"Hepta","silhouette","True",7,0.701701220874264,1.07618340765214,1,0,"Hepta-silhouette-seed1"
1,"Hepta","silhouette","ICOT_local",4,0.455071807119679,0.342533365318007,-10,78.252162946,"Hepta-silhouette-seed1"
1,"Hepta","silhouette","OCT",7,0.372975456024656,0.0274417123112856,0.49242569107585,0.337886318,"Hepta-silhouette-seed1"
1,"Hepta","silhouette","kmeans_plus",7,0.701701220874264,1.07618340765214,1,0.444421781,"Hepta-silhouette-seed1"
1,"Hepta","silhouette","hclust",7,0.701701220874264,1.07618340765214,1,0.572004422,"Hepta-silhouette-seed1"
1,"Hepta","silhouette","gmm",7,0.701701220874264,1.07618340765214,1,0.159073678,"Hepta-silhouette-seed1"
1,"Hepta","silhouette","dbscan",1,0.701701220874264,1.07618340765214,-10,0.383976477,"Hepta-silhouette-seed1"
2,"Hepta","silhouette","True",7,0.701701220874264,1.07618340765214,1,0,"Hepta-silhouette-seed2"
2,"Hepta","silhouette","ICOT_local",4,0.455071807119679,0.342533365318007,-10,70.354270317,"Hepta-silhouette-seed2"
2,"Hepta","silhouette","OCT",7,0.372988625145858,0.0274417123112856,0.490513354367595,0.065242169,"Hepta-silhouette-seed2"
2,"Hepta","silhouette","kmeans_plus",7,0.701701220874264,1.07618340765214,1,0.476842556,"Hepta-silhouette-seed2"
2,"Hepta","silhouette","hclust",7,0.701701220874264,1.07618340765214,1,0.582617928,"Hepta-silhouette-seed2"
2,"Hepta","silhouette","gmm",7,0.571852500228569,0.106561111068238,0.818970155811118,0.162853262,"Hepta-silhouette-seed2"
2,"Hepta","silhouette","dbscan",1,0.701701220874264,1.07618340765214,-10,0.404729961,"Hepta-silhouette-seed2"
3,"Hepta","silhouette","True",7,0.701701220874264,1.07618340765214,1,0,"Hepta-silhouette-seed3"
3,"Hepta","silhouette","ICOT_local",4,0.455071807119679,0.342533365318007,-10,73.653530047,"Hepta-silhouette-seed3"
3,"Hepta","silhouette","OCT",7,0.372975456024656,0.0274417123112856,0.49242569107585,0.14562496,"Hepta-silhouette-seed3"
3,"Hepta","silhouette","kmeans_plus",7,0.701701220874264,1.07618340765214,1,0.642912921,"Hepta-silhouette-seed3"
3,"Hepta","silhouette","hclust",7,0.701701220874264,1.07618340765214,1,0.56729335,"Hepta-silhouette-seed3"
3,"Hepta","silhouette","gmm",7,0.583645167703056,0.096517957207191,0.820661352574167,0.17711524,"Hepta-silhouette-seed3"
3,"Hepta","silhouette","dbscan",1,0.701701220874264,1.07618340765214,-10,0.360291668,"Hepta-silhouette-seed3"
4,"Hepta","silhouette","True",7,0.701701220874264,1.07618340765214,1,0,"Hepta-silhouette-seed4"
4,"Hepta","silhouette","ICOT_local",4,0.455071807119679,0.342533365318007,-10,74.236199727,"Hepta-silhouette-seed4"
4,"Hepta","silhouette","OCT",7,0.372975456024656,0.0274417123112856,0.49242569107585,0.148894421,"Hepta-silhouette-seed4"
4,"Hepta","silhouette","kmeans_plus",7,0.701701220874264,1.07618340765214,1,0.486719158,"Hepta-silhouette-seed4"
4,"Hepta","silhouette","hclust",7,0.701701220874264,1.07618340765214,1,0.554301977,"Hepta-silhouette-seed4"
4,"Hepta","silhouette","gmm",9,0.589259941681629,0.1622665737472,-10,0.179524677,"Hepta-silhouette-seed4"
4,"Hepta","silhouette","dbscan",1,0.701701220874264,1.07618340765214,-10,0.367247994,"Hepta-silhouette-seed4"
1,"Lsun","dunnindex","True",3,0.439361969849105,0.117052395539751,1,0,"Lsun-dunnindex-seed1"
1,"Lsun","dunnindex","ICOT_local",3,0.439361969849105,0.117052395539751,1,559.792808928,"Lsun-dunnindex-seed1"
1,"Lsun","dunnindex","OCT",9,0.444720809256363,0.0279842579386083,-10,0.261251148,"Lsun-dunnindex-seed1"
1,"Lsun","dunnindex","kmeans_plus",9,0.425077165152556,0.0669162739275375,-10,1.000872349,"Lsun-dunnindex-seed1"
1,"Lsun","dunnindex","hclust",10,0.388729887157816,0.0705328095456078,-10,1.290604806,"Lsun-dunnindex-seed1"
1,"Lsun","dunnindex","gmm",3,0.439361969849105,0.117052395539751,1,0.210527091,"Lsun-dunnindex-seed1"
1,"Lsun","dunnindex","dbscan",0.4,0.439361969849105,0.117052395539751,-10,0.497197974,"Lsun-dunnindex-seed1"
2,"Lsun","dunnindex","True",3,0.439361969849105,0.117052395539751,1,0,"Lsun-dunnindex-seed2"
2,"Lsun","dunnindex","ICOT_local",3,0.439361969849105,0.117052395539751,1,574.458753272,"Lsun-dunnindex-seed2"
2,"Lsun","dunnindex","OCT",8,0.429725353709198,0.00617015555784949,-10,0.222132505,"Lsun-dunnindex-seed2"
2,"Lsun","dunnindex","kmeans_plus",8,0.452649480451808,0.0586685421531035,-10,0.933571249,"Lsun-dunnindex-seed2"
2,"Lsun","dunnindex","hclust",10,0.388729887157816,0.0705328095456078,-10,1.077292222,"Lsun-dunnindex-seed2"
2,"Lsun","dunnindex","gmm",3,0.439361969849105,0.117052395539751,1,0.192391481,"Lsun-dunnindex-seed2"
2,"Lsun","dunnindex","dbscan",0.4,0.439361969849105,0.117052395539751,-10,0.487605581,"Lsun-dunnindex-seed2"
3,"Lsun","dunnindex","True",3,0.439361969849105,0.117052395539751,1,0,"Lsun-dunnindex-seed3"
3,"Lsun","dunnindex","ICOT_local",3,0.439361969849105,0.117052395539751,1,627.433089371,"Lsun-dunnindex-seed3"
3,"Lsun","dunnindex","OCT",9,0.443985157916992,0.0279842579386083,-10,0.279521828,"Lsun-dunnindex-seed3"
3,"Lsun","dunnindex","kmeans_plus",9,0.424794440759653,0.0646572382804996,-10,0.956525097,"Lsun-dunnindex-seed3"
3,"Lsun","dunnindex","hclust",10,0.388729887157816,0.0705328095456078,-10,1.116661719,"Lsun-dunnindex-seed3"
3,"Lsun","dunnindex","gmm",3,0.439361969849105,0.117052395539751,1,0.232889249,"Lsun-dunnindex-seed3"
3,"Lsun","dunnindex","dbscan",0.4,0.439361969849105,0.117052395539751,-10,0.50968114,"Lsun-dunnindex-seed3"
4,"Lsun","dunnindex","True",3,0.439361969849105,0.117052395539751,1,0,"Lsun-dunnindex-seed4"
4,"Lsun","dunnindex","ICOT_local",3,0.439361969849105,0.117052395539751,1,594.17639893,"Lsun-dunnindex-seed4"
4,"Lsun","dunnindex","OCT",5,0.537822902867191,0.055973938452984,-10,0.105634145,"Lsun-dunnindex-seed4"
4,"Lsun","dunnindex","kmeans_plus",5,0.537822902867191,0.055973938452984,-10,0.99080776,"Lsun-dunnindex-seed4"
4,"Lsun","dunnindex","hclust",10,0.388729887157816,0.0705328095456078,-10,0.9886767,"Lsun-dunnindex-seed4"
4,"Lsun","dunnindex","gmm",3,0.439361969849105,0.117052395539751,1,0.232960956,"Lsun-dunnindex-seed4"
4,"Lsun","dunnindex","dbscan",0.4,0.439361969849105,0.117052395539751,-10,0.442195731,"Lsun-dunnindex-seed4"
5,"Lsun","dunnindex","True",3,0.439361969849105,0.117052395539751,1,0,"Lsun-dunnindex-seed5"
5,"Lsun","dunnindex","ICOT_local",3,0.439361969849105,0.117052395539751,1,565.996621101,"Lsun-dunnindex-seed5"
5,"Lsun","dunnindex","OCT",5,0.537822902867191,0.055973938452984,-10,0.170411335,"Lsun-dunnindex-seed5"
5,"Lsun","dunnindex","kmeans_plus",5,0.537822902867191,0.055973938452984,-10,1.009230681,"Lsun-dunnindex-seed5"
5,"Lsun","dunnindex","hclust",10,0.388729887157816,0.0705328095456078,-10,1.07998501,"Lsun-dunnindex-seed5"
5,"Lsun","dunnindex","gmm",3,0.439361969849105,0.117052395539751,1,0.228605731,"Lsun-dunnindex-seed5"
5,"Lsun","dunnindex","dbscan",0.4,0.439361969849105,0.117052395539751,-10,0.47400528,"Lsun-dunnindex-seed5"
1,"Lsun","silhouette","True",3,0.439361969849105,0.117052395539751,1,0,"Lsun-silhouette-seed1"
1,"Lsun","silhouette","ICOT_local",4,0.567264001289883,0.0118783726321066,-10,369.675283983,"Lsun-silhouette-seed1"
1,"Lsun","silhouette","OCT",4,0.568042743504305,0.0403839327537353,-10,0.103822453,"Lsun-silhouette-seed1"
1,"Lsun","silhouette","kmeans_plus",4,0.567756054375863,0.0334806335192715,-10,0.998315203,"Lsun-silhouette-seed1"
1,"Lsun","silhouette","hclust",4,0.55382633725405,0.0574987497323895,-10,1.286100034,"Lsun-silhouette-seed1"
1,"Lsun","silhouette","gmm",6,0.538488342290546,0.0196498029352682,-10,0.205555534,"Lsun-silhouette-seed1"
1,"Lsun","silhouette","dbscan",0.4,0.439361969849105,0.117052395539751,-10,0.405036384,"Lsun-silhouette-seed1"
2,"Lsun","silhouette","True",3,0.439361969849105,0.117052395539751,1,0,"Lsun-silhouette-seed2"
2,"Lsun","silhouette","ICOT_local",4,0.567264001289883,0.0118783726321066,-10,339.623940629,"Lsun-silhouette-seed2"
2,"Lsun","silhouette","OCT",4,0.568042743504305,0.0403839327537353,-10,0.179397382,"Lsun-silhouette-seed2"
2,"Lsun","silhouette","kmeans_plus",4,0.567756054375863,0.0334806335192715,-10,0.929993274,"Lsun-silhouette-seed2"
2,"Lsun","silhouette","hclust",4,0.55382633725405,0.0574987497323895,-10,1.128639012,"Lsun-silhouette-seed2"
2,"Lsun","silhouette","gmm",6,0.53696966748165,0.0196498029352682,-10,0.196521153,"Lsun-silhouette-seed2"
2,"Lsun","silhouette","dbscan",0.4,0.439361969849105,0.117052395539751,-10,0.447453625,"Lsun-silhouette-seed2"
3,"Lsun","silhouette","True",3,0.439361969849105,0.117052395539751,1,0,"Lsun-silhouette-seed3"
3,"Lsun","silhouette","ICOT_local",4,0.567264001289883,0.0118783726321066,-10,331.608746102,"Lsun-silhouette-seed3"
3,"Lsun","silhouette","OCT",4,0.568042743504305,0.0403839327537353,-10,0.196142064,"Lsun-silhouette-seed3"
3,"Lsun","silhouette","kmeans_plus",4,0.567756054375863,0.0334806335192715,-10,0.904884632,"Lsun-silhouette-seed3"
3,"Lsun","silhouette","hclust",4,0.55382633725405,0.0574987497323895,-10,1.088716512,"Lsun-silhouette-seed3"
3,"Lsun","silhouette","gmm",6,0.53696966748165,0.0196498029352682,-10,0.190178144,"Lsun-silhouette-seed3"
3,"Lsun","silhouette","dbscan",0.4,0.439361969849105,0.117052395539751,-10,0.431721433,"Lsun-silhouette-seed3"
4,"Lsun","silhouette","True",3,0.439361969849105,0.117052395539751,1,0,"Lsun-silhouette-seed4"
4,"Lsun","silhouette","ICOT_local",4,0.567264001289883,0.0118783726321066,-10,380.078281492,"Lsun-silhouette-seed4"
4,"Lsun","silhouette","OCT",4,0.568042743504305,0.0403839327537353,-10,0.192085189,"Lsun-silhouette-seed4"
4,"Lsun","silhouette","kmeans_plus",4,0.567756054375863,0.0334806335192715,-10,1.018945576,"Lsun-silhouette-seed4"
4,"Lsun","silhouette","hclust",4,0.55382633725405,0.0574987497323895,-10,1.129704657,"Lsun-silhouette-seed4"
4,"Lsun","silhouette","gmm",6,0.537536933014318,0.0196498029352682,-10,0.197260066,"Lsun-silhouette-seed4"
4,"Lsun","silhouette","dbscan",0.4,0.439361969849105,0.117052395539751,-10,0.409616929,"Lsun-silhouette-seed4"
5,"Lsun","silhouette","True",3,0.439361969849105,0.117052395539751,1,0,"Lsun-silhouette-seed5"
5,"Lsun","silhouette","ICOT_local",4,0.567264001289883,0.0118783726321066,-10,354.304798733,"Lsun-silhouette-seed5"
5,"Lsun","silhouette","OCT",4,0.568042743504305,0.0403839327537353,-10,0.106219384,"Lsun-silhouette-seed5"
5,"Lsun","silhouette","kmeans_plus",4,0.567756054375863,0.0334806335192715,-10,0.992993816,"Lsun-silhouette-seed5"
5,"Lsun","silhouette","hclust",4,0.55382633725405,0.0574987497323895,-10,1.187474514,"Lsun-silhouette-seed5"
5,"Lsun","silhouette","gmm",6,0.53696966748165,0.0196498029352682,-10,0.198568045,"Lsun-silhouette-seed5"
5,"Lsun","silhouette","dbscan",0.4,0.439361969849105,0.117052395539751,-10,0.44497773,"Lsun-silhouette-seed5"
1,"Target","dunnindex","True",6,0.29520828013791,0.253299132982746,1,0,"Target-dunnindex-seed1"
1,"Target","dunnindex","ICOT_local",2,0.629325893855415,0.361704117131621,-10,2839.659423083,"Target-dunnindex-seed1"
1,"Target","dunnindex","OCT",7,0.523514792324567,0.0111344720727419,-10,0.243517735,"Target-dunnindex-seed1"
1,"Target","dunnindex","kmeans_plus",7,0.589193052928704,0.028761029635189,-10,2.072109022,"Target-dunnindex-seed1"
1,"Target","dunnindex","hclust",5,0.50704540454747,0.54970578533082,-10,1.901273798,"Target-dunnindex-seed1"
1,"Target","dunnindex","gmm",4,0.461168823391373,0.0161886652421155,-10,0.240579135,"Target-dunnindex-seed1"
1,"Target","dunnindex","dbscan",0.4,0.273784315925229,0.116898958557831,-10,0.655879401,"Target-dunnindex-seed1"
2,"Target","dunnindex","True",6,0.29520828013791,0.253299132982746,1,0,"Target-dunnindex-seed2"
2,"Target","dunnindex","ICOT_local",2,0.629325893855415,0.361704117131621,-10,2657.409424972,"Target-dunnindex-seed2"
2,"Target","dunnindex","OCT",7,0.506318217157369,0.0105046606965424,-10,0.228839376,"Target-dunnindex-seed2"
2,"Target","dunnindex","kmeans_plus",7,0.589193052928704,0.028761029635189,-10,1.869810071,"Target-dunnindex-seed2"
2,"Target","dunnindex","hclust",5,0.50704540454747,0.54970578533082,-10,1.994475468,"Target-dunnindex-seed2"
2,"Target","dunnindex","gmm",2,0.63454293652915,0.253692277038961,-10,0.240670619,"Target-dunnindex-seed2"
2,"Target","dunnindex","dbscan",0.4,0.273784315925229,0.116898958557831,-10,0.627622811,"Target-dunnindex-seed2"
3,"Target","dunnindex","True",6,0.29520828013791,0.253299132982746,1,0,"Target-dunnindex-seed3"
3,"Target","dunnindex","ICOT_local",2,0.629325893855415,0.361704117131621,-10,2818.354845456,"Target-dunnindex-seed3"
3,"Target","dunnindex","OCT",7,0.523514792324567,0.0111344720727419,-10,0.3196041,"Target-dunnindex-seed3"
3,"Target","dunnindex","kmeans_plus",7,0.589193052928704,0.028761029635189,-10,2.067739652,"Target-dunnindex-seed3"
3,"Target","dunnindex","hclust",5,0.50704540454747,0.54970578533082,-10,1.929831023,"Target-dunnindex-seed3"
3,"Target","dunnindex","gmm",4,0.486044747997303,0.0188859097220341,-10,0.240888826,"Target-dunnindex-seed3"
3,"Target","dunnindex","dbscan",0.4,0.273784315925229,0.116898958557831,-10,0.659427815,"Target-dunnindex-seed3"
4,"Target","dunnindex","True",6,0.29520828013791,0.253299132982746,1,0,"Target-dunnindex-seed4"
4,"Target","dunnindex","ICOT_local",2,0.629325893855415,0.361704117131621,-10,2996.348407739,"Target-dunnindex-seed4"
4,"Target","dunnindex","OCT",7,0.506318217157369,0.0105046606965424,-10,0.334084358,"Target-dunnindex-seed4"
4,"Target","dunnindex","kmeans_plus",7,0.589193052928704,0.028761029635189,-10,2.219479526,"Target-dunnindex-seed4"
4,"Target","dunnindex","hclust",5,0.50704540454747,0.54970578533082,-10,2.033458441,"Target-dunnindex-seed4"
4,"Target","dunnindex","gmm",2,0.415457798231135,0.0200539216174448,-10,0.252544108,"Target-dunnindex-seed4"
4,"Target","dunnindex","dbscan",0.4,0.273784315925229,0.116898958557831,-10,0.754086541,"Target-dunnindex-seed4"
1,"Target","silhouette","True",6,0.29520828013791,0.253299132982746,1,0,"Target-silhouette-seed1"
1,"Target","silhouette","ICOT_local",2,0.629325893855415,0.361704117131621,-10,1432.731448263,"Target-silhouette-seed1"
1,"Target","silhouette","OCT",9,0.502492471020364,0.0177518188939081,-10,0.373433779,"Target-silhouette-seed1"
1,"Target","silhouette","kmeans_plus",9,0.592869089880393,0.026778835711249,-10,1.773604309,"Target-silhouette-seed1"
1,"Target","silhouette","hclust",2,0.618794580697906,0.266317289612333,-10,1.95196431,"Target-silhouette-seed1"
1,"Target","silhouette","gmm",8,0.545074585682122,0.00973943050192054,-10,0.239564477,"Target-silhouette-seed1"
1,"Target","silhouette","dbscan",0.2,0.416089793924926,0.0318625243548391,-10,0.62664484,"Target-silhouette-seed1"
2,"Target","silhouette","True",6,0.29520828013791,0.253299132982746,1,0,"Target-silhouette-seed2"
2,"Target","silhouette","ICOT_local",2,0.629325893855415,0.361704117131621,-10,1348.033829243,"Target-silhouette-seed2"
2,"Target","silhouette","OCT",7,0.506318217157369,0.0105046606965424,-10,0.310907528,"Target-silhouette-seed2"
2,"Target","silhouette","kmeans_plus",7,0.589193052928704,0.028761029635189,-10,1.98724906,"Target-silhouette-seed2"
2,"Target","silhouette","hclust",2,0.618794580697907,0.266317289612333,-10,1.671788648,"Target-silhouette-seed2"
2,"Target","silhouette","gmm",2,0.63454293652915,0.253692277038961,-10,0.217867672,"Target-silhouette-seed2"
2,"Target","silhouette","dbscan",0.2,0.416089793924926,0.0318625243548391,-10,0.64766329,"Target-silhouette-seed2"
3,"Target","silhouette","True",6,0.29520828013791,0.253299132982746,1,0,"Target-silhouette-seed3"
3,"Target","silhouette","ICOT_local",2,0.629325893855415,0.361704117131621,-10,1344.10858949,"Target-silhouette-seed3"
3,"Target","silhouette","OCT",7,0.523514792324567,0.0111344720727419,-10,0.325979208,"Target-silhouette-seed3"
3,"Target","silhouette","kmeans_plus",7,0.589193052928704,0.028761029635189,-10,1.979067806,"Target-silhouette-seed3"
3,"Target","silhouette","hclust",2,0.618794580697907,0.266317289612333,-10,2.0271982,"Target-silhouette-seed3"
3,"Target","silhouette","gmm",5,0.537494501563231,0.0101317526423929,-10,0.23878395,"Target-silhouette-seed3"
3,"Target","silhouette","dbscan",0.2,0.416089793924926,0.0318625243548391,-10,0.8209816,"Target-silhouette-seed3"
4,"Target","silhouette","True",6,0.29520828013791,0.253299132982746,1,0,"Target-silhouette-seed4"
4,"Target","silhouette","ICOT_local",2,0.629325893855415,0.361704117131621,-10,1322.002706308,"Target-silhouette-seed4"
4,"Target","silhouette","OCT",9,0.502492471020364,0.0177518188939081,-10,0.296414064,"Target-silhouette-seed4"
4,"Target","silhouette","kmeans_plus",9,0.592869089880393,0.026778835711249,-10,2.160993126,"Target-silhouette-seed4"
4,"Target","silhouette","hclust",2,0.618794580697907,0.266317289612333,-10,1.857578576,"Target-silhouette-seed4"
4,"Target","silhouette","gmm",6,0.537599043621473,0.00690710267841281,0.692761125331636,0.225268975,"Target-silhouette-seed4"
4,"Target","silhouette","dbscan",0.2,0.416089793924926,0.0318625243548391,-10,0.645192588,"Target-silhouette-seed4"
5,"Target","silhouette","True",6,0.29520828013791,0.253299132982746,1,0,"Target-silhouette-seed5"
5,"Target","silhouette","ICOT_local",2,0.629325893855415,0.361704117131621,-10,1312.65257581,"Target-silhouette-seed5"
5,"Target","silhouette","OCT",9,0.511171328288124,0.0181285645829121,-10,0.360748769,"Target-silhouette-seed5"
5,"Target","silhouette","kmeans_plus",9,0.593493099128975,0.026778835711249,-10,2.182867969,"Target-silhouette-seed5"
5,"Target","silhouette","hclust",2,0.618794580697907,0.266317289612333,-10,1.956640106,"Target-silhouette-seed5"
5,"Target","silhouette","gmm",2,0.63454293652915,0.253692277038961,-10,0.220470252,"Target-silhouette-seed5"
5,"Target","silhouette","dbscan",0.2,0.416089793924926,0.0318625243548391,-10,0.703115604,"Target-silhouette-seed5"
1,"Tetra","dunnindex","True",4,0.503541620849104,0.199662205951591,1,0,"Tetra-dunnindex-seed1"
1,"Tetra","dunnindex","ICOT_local",4,0.503541620849104,0.199662205951591,1,821.243713955,"Tetra-dunnindex-seed1"
1,"Tetra","dunnindex","OCT",4,0.503541620849104,0.199662205951591,1,0.193934253,"Tetra-dunnindex-seed1"
1,"Tetra","dunnindex","kmeans_plus",4,0.503541620849104,0.199662205951591,1,1.076759446,"Tetra-dunnindex-seed1"
1,"Tetra","dunnindex","hclust",4,0.503541620849104,0.199662205951591,1,1.087403031,"Tetra-dunnindex-seed1"
1,"Tetra","dunnindex","gmm",4,0.503541620849104,0.199662205951591,1,0.196234251,"Tetra-dunnindex-seed1"
1,"Tetra","dunnindex","dbscan",0.4,0.503541620849104,0.199662205951591,-10,0.400048847,"Tetra-dunnindex-seed1"
2,"Tetra","dunnindex","True",4,0.503541620849104,0.199662205951591,1,0,"Tetra-dunnindex-seed2"
2,"Tetra","dunnindex","ICOT_local",4,0.503541620849104,0.199662205951591,1,813.929583083,"Tetra-dunnindex-seed2"
2,"Tetra","dunnindex","OCT",4,0.503541620849104,0.199662205951591,1,0.194632675,"Tetra-dunnindex-seed2"
2,"Tetra","dunnindex","kmeans_plus",4,0.503541620849104,0.199662205951591,1,0.994384584,"Tetra-dunnindex-seed2"
2,"Tetra","dunnindex","hclust",4,0.503541620849104,0.199662205951591,1,1.185038002,"Tetra-dunnindex-seed2"
2,"Tetra","dunnindex","gmm",4,0.503541620849104,0.199662205951591,1,0.198455145,"Tetra-dunnindex-seed2"
2,"Tetra","dunnindex","dbscan",0.4,0.503541620849104,0.199662205951591,-10,0.51859663,"Tetra-dunnindex-seed2"
3,"Tetra","dunnindex","True",4,0.503541620849104,0.199662205951591,1,0,"Tetra-dunnindex-seed3"
3,"Tetra","dunnindex","ICOT_local",4,0.503541620849104,0.199662205951591,1,813.188987702,"Tetra-dunnindex-seed3"
3,"Tetra","dunnindex","OCT",4,0.503541620849104,0.199662205951591,1,0.206972523,"Tetra-dunnindex-seed3"
3,"Tetra","dunnindex","kmeans_plus",4,0.503541620849104,0.199662205951591,1,1.004815797,"Tetra-dunnindex-seed3"
3,"Tetra","dunnindex","hclust",4,0.503541620849104,0.199662205951591,1,1.028387039,"Tetra-dunnindex-seed3"
3,"Tetra","dunnindex","gmm",4,0.503541620849104,0.199662205951591,1,0.199180005,"Tetra-dunnindex-seed3"
3,"Tetra","dunnindex","dbscan",0.4,0.503541620849104,0.199662205951591,-10,0.51943777,"Tetra-dunnindex-seed3"
4,"Tetra","dunnindex","True",4,0.503541620849104,0.199662205951591,1,0,"Tetra-dunnindex-seed4"
4,"Tetra","dunnindex","ICOT_local",4,0.503541620849104,0.199662205951591,1,805.771407672,"Tetra-dunnindex-seed4"
4,"Tetra","dunnindex","OCT",4,0.503541620849104,0.199662205951591,1,0.129297667,"Tetra-dunnindex-seed4"
4,"Tetra","dunnindex","kmeans_plus",4,0.503541620849104,0.199662205951591,1,1.016477381,"Tetra-dunnindex-seed4"
4,"Tetra","dunnindex","hclust",4,0.503541620849104,0.199662205951591,1,1.111516239,"Tetra-dunnindex-seed4"
4,"Tetra","dunnindex","gmm",4,0.503541620849104,0.199662205951591,1,0.202841551,"Tetra-dunnindex-seed4"
4,"Tetra","dunnindex","dbscan",0.4,0.503541620849104,0.199662205951591,-10,0.503465802,"Tetra-dunnindex-seed4"
5,"Tetra","dunnindex","True",4,0.503541620849104,0.199662205951591,1,0,"Tetra-dunnindex-seed5"
5,"Tetra","dunnindex","ICOT_local",4,0.503541620849104,0.199662205951591,1,815.936456464,"Tetra-dunnindex-seed5"
5,"Tetra","dunnindex","OCT",4,0.503541620849104,0.199662205951591,1,0.138104138,"Tetra-dunnindex-seed5"
5,"Tetra","dunnindex","kmeans_plus",4,0.503541620849104,0.199662205951591,1,0.937036135,"Tetra-dunnindex-seed5"
5,"Tetra","dunnindex","hclust",4,0.503541620849104,0.199662205951591,1,1.169863513,"Tetra-dunnindex-seed5"
5,"Tetra","dunnindex","gmm",4,0.503541620849104,0.199662205951591,1,0.183270453,"Tetra-dunnindex-seed5"
5,"Tetra","dunnindex","dbscan",0.4,0.503541620849104,0.199662205951591,-10,0.429027204,"Tetra-dunnindex-seed5"
1,"Tetra","silhouette","True",4,0.503541620849104,0.199662205951591,1,0,"Tetra-silhouette-seed1"
1,"Tetra","silhouette","ICOT_local",4,0.503541620849104,0.199662205951591,1,418.758635907,"Tetra-silhouette-seed1"
1,"Tetra","silhouette","OCT",4,0.503541620849104,0.199662205951591,1,0.118154731,"Tetra-silhouette-seed1"
1,"Tetra","silhouette","kmeans_plus",4,0.503541620849104,0.199662205951591,1,0.835572711,"Tetra-silhouette-seed1"
1,"Tetra","silhouette","hclust",4,0.503541620849104,0.199662205951591,1,0.60760408,"Tetra-silhouette-seed1"
1,"Tetra","silhouette","gmm",4,0.503541620849104,0.199662205951591,1,0.198577523,"Tetra-silhouette-seed1"
1,"Tetra","silhouette","dbscan",0.4,0.503541620849104,0.199662205951591,-10,0.45476169,"Tetra-silhouette-seed1"
2,"Tetra","silhouette","True",4,0.503541620849104,0.199662205951591,1,0,"Tetra-silhouette-seed2"
2,"Tetra","silhouette","ICOT_local",4,0.503541620849104,0.199662205951591,1,370.743435316,"Tetra-silhouette-seed2"
2,"Tetra","silhouette","OCT",4,0.503541620849104,0.199662205951591,1,0.127630649,"Tetra-silhouette-seed2"
2,"Tetra","silhouette","kmeans_plus",4,0.503541620849104,0.199662205951591,1,1.070686545,"Tetra-silhouette-seed2"
2,"Tetra","silhouette","hclust",4,0.503541620849104,0.199662205951591,1,1.329829026,"Tetra-silhouette-seed2"
2,"Tetra","silhouette","gmm",4,0.503541620849104,0.199662205951591,1,0.187330742,"Tetra-silhouette-seed2"
2,"Tetra","silhouette","dbscan",0.4,0.503541620849104,0.199662205951591,-10,0.478412455,"Tetra-silhouette-seed2"
3,"Tetra","silhouette","True",4,0.503541620849104,0.199662205951591,1,0,"Tetra-silhouette-seed3"
3,"Tetra","silhouette","ICOT_local",4,0.503541620849104,0.199662205951591,1,377.081870674,"Tetra-silhouette-seed3"
3,"Tetra","silhouette","OCT",4,0.503541620849104,0.199662205951591,1,0.211098746,"Tetra-silhouette-seed3"
3,"Tetra","silhouette","kmeans_plus",4,0.503541620849104,0.199662205951591,1,1.064071828,"Tetra-silhouette-seed3"
3,"Tetra","silhouette","hclust",4,0.503541620849104,0.199662205951591,1,1.378155657,"Tetra-silhouette-seed3"
3,"Tetra","silhouette","gmm",4,0.503541620849104,0.199662205951591,1,0.215488335,"Tetra-silhouette-seed3"
3,"Tetra","silhouette","dbscan",0.4,0.503541620849104,0.199662205951591,-10,0.454492193,"Tetra-silhouette-seed3"
4,"Tetra","silhouette","True",4,0.503541620849104,0.199662205951591,1,0,"Tetra-silhouette-seed4"
4,"Tetra","silhouette","ICOT_local",4,0.503541620849104,0.199662205951591,1,355.256119109,"Tetra-silhouette-seed4"
4,"Tetra","silhouette","OCT",4,0.503541620849104,0.199662205951591,1,0.211269104,"Tetra-silhouette-seed4"
4,"Tetra","silhouette","kmeans_plus",4,0.503541620849104,0.199662205951591,1,1.024661585,"Tetra-silhouette-seed4"
4,"Tetra","silhouette","hclust",4,0.503541620849104,0.199662205951591,1,1.318499537,"Tetra-silhouette-seed4"
4,"Tetra","silhouette","gmm",4,0.503541620849104,0.199662205951591,1,0.200399198,"Tetra-silhouette-seed4"
4,"Tetra","silhouette","dbscan",0.4,0.503541620849104,0.199662205951591,-10,0.46702176,"Tetra-silhouette-seed4"
5,"Tetra","silhouette","True",4,0.503541620849104,0.199662205951591,1,0,"Tetra-silhouette-seed5"
5,"Tetra","silhouette","ICOT_local",4,0.503541620849104,0.199662205951591,1,368.368516546,"Tetra-silhouette-seed5"
5,"Tetra","silhouette","OCT",4,0.503541620849104,0.199662205951591,1,0.23198216,"Tetra-silhouette-seed5"
5,"Tetra","silhouette","kmeans_plus",4,0.503541620849104,0.199662205951591,1,1.01365549,"Tetra-silhouette-seed5"
5,"Tetra","silhouette","hclust",4,0.503541620849104,0.199662205951591,1,0.92998518,"Tetra-silhouette-seed5"
5,"Tetra","silhouette","gmm",4,0.503541620849104,0.199662205951591,1,0.246116211,"Tetra-silhouette-seed5"
5,"Tetra","silhouette","dbscan",0.4,0.503541620849104,0.199662205951591,-10,0.567799554,"Tetra-silhouette-seed5"
1,"TwoDiamonds","dunnindex","True",2,0.485918709357733,0.0220048899755519,1,0,"TwoDiamonds-dunnindex-seed1"
1,"TwoDiamonds","dunnindex","ICOT_local",2,0.0893491757753027,0.0435439556146662,0,3153.668310523,"TwoDiamonds-dunnindex-seed1"
1,"TwoDiamonds","dunnindex","OCT",5,0.377906251541488,0.00640846621180902,-10,0.420638439,"TwoDiamonds-dunnindex-seed1"
1,"TwoDiamonds","dunnindex","kmeans_plus",5,0.381239330587718,0.0239803316982805,-10,2.229333202,"TwoDiamonds-dunnindex-seed1"
1,"TwoDiamonds","dunnindex","hclust",9,0.383608109048395,0.0485822120364991,-10,2.217341604,"TwoDiamonds-dunnindex-seed1"
1,"TwoDiamonds","dunnindex","gmm",8,0.337783004167253,0.0248196775839501,-10,0.245917216,"TwoDiamonds-dunnindex-seed1"
1,"TwoDiamonds","dunnindex","dbscan",0.1,0.0473161567726449,0.01194496039692,-10,0.542948002,"TwoDiamonds-dunnindex-seed1"
2,"TwoDiamonds","dunnindex","True",2,0.485918709357733,0.0220048899755519,1,0,"TwoDiamonds-dunnindex-seed2"
2,"TwoDiamonds","dunnindex","ICOT_local",2,0.0893491757753027,0.0435439556146662,0,2903.286310386,"TwoDiamonds-dunnindex-seed2"
2,"TwoDiamonds","dunnindex","OCT",8,0.280787998281614,0.00296104015653984,-10,0.415118214,"TwoDiamonds-dunnindex-seed2"
2,"TwoDiamonds","dunnindex","kmeans_plus",8,0.383852911560598,0.0276744172946305,-10,2.189474873,"TwoDiamonds-dunnindex-seed2"
2,"TwoDiamonds","dunnindex","hclust",9,0.383608109048395,0.0485822120364991,-10,2.237353841,"TwoDiamonds-dunnindex-seed2"
2,"TwoDiamonds","dunnindex","gmm",9,0.341484197379253,0.0200407291437262,-10,0.255597245,"TwoDiamonds-dunnindex-seed2"
2,"TwoDiamonds","dunnindex","dbscan",0.1,0.0473161567726449,0.01194496039692,-10,0.54695495,"TwoDiamonds-dunnindex-seed2"
3,"TwoDiamonds","dunnindex","True",2,0.485918709357733,0.0220048899755519,1,0,"TwoDiamonds-dunnindex-seed3"
3,"TwoDiamonds","dunnindex","ICOT_local",2,0.0893491757753027,0.0435439556146662,0,2315.357450846,"TwoDiamonds-dunnindex-seed3"
3,"TwoDiamonds","dunnindex","OCT",10,0.29967162154288,0.00296104015653984,-10,0.413939439,"TwoDiamonds-dunnindex-seed3"
3,"TwoDiamonds","dunnindex","kmeans_plus",10,0.343094095352756,0.0243273640169817,-10,1.981255915,"TwoDiamonds-dunnindex-seed3"
3,"TwoDiamonds","dunnindex","hclust",9,0.383608109048395,0.0485822120364991,-10,1.85130388,"TwoDiamonds-dunnindex-seed3"
3,"TwoDiamonds","dunnindex","gmm",7,0.340956166617424,0.0176242766974906,-10,0.224299438,"TwoDiamonds-dunnindex-seed3"
3,"TwoDiamonds","dunnindex","dbscan",0.1,0.0473161567726449,0.01194496039692,-10,0.630314896,"TwoDiamonds-dunnindex-seed3"
4,"TwoDiamonds","dunnindex","True",2,0.485918709357733,0.0220048899755519,1,0,"TwoDiamonds-dunnindex-seed4"
4,"TwoDiamonds","dunnindex","ICOT_local",2,0.0893491757753027,0.0435439556146662,0,3061.826454327,"TwoDiamonds-dunnindex-seed4"
4,"TwoDiamonds","dunnindex","OCT",10,0.29967162154288,0.00296104015653984,-10,0.453963266,"TwoDiamonds-dunnindex-seed4"
4,"TwoDiamonds","dunnindex","kmeans_plus",10,0.342215827305674,0.0241828025876409,-10,2.168224306,"TwoDiamonds-dunnindex-seed4"
4,"TwoDiamonds","dunnindex","hclust",9,0.383608109048395,0.0485822120364991,-10,2.262467816,"TwoDiamonds-dunnindex-seed4"
4,"TwoDiamonds","dunnindex","gmm",10,0.349809830257623,0.0178587478097467,-10,0.260810349,"TwoDiamonds-dunnindex-seed4"
4,"TwoDiamonds","dunnindex","dbscan",0.1,0.0473161567726449,0.01194496039692,-10,0.555694939,"TwoDiamonds-dunnindex-seed4"
5,"TwoDiamonds","dunnindex","True",2,0.485918709357733,0.0220048899755519,1,0,"TwoDiamonds-dunnindex-seed5"
5,"TwoDiamonds","dunnindex","ICOT_local",2,0.0893491757753027,0.0435439556146662,0,3150.566378923,"TwoDiamonds-dunnindex-seed5"
5,"TwoDiamonds","dunnindex","OCT",9,0.309531177217611,0.011418417234982,-10,0.47954892,"TwoDiamonds-dunnindex-seed5"
5,"TwoDiamonds","dunnindex","kmeans_plus",9,0.369777957956019,0.0239203012811903,-10,2.154100362,"TwoDiamonds-dunnindex-seed5"
5,"TwoDiamonds","dunnindex","hclust",9,0.383608109048395,0.0485822120364991,-10,2.594418145,"TwoDiamonds-dunnindex-seed5"
5,"TwoDiamonds","dunnindex","gmm",4,0.385948293136288,0.0237418931149128,-10,0.262183826,"TwoDiamonds-dunnindex-seed5"
5,"TwoDiamonds","dunnindex","dbscan",0.1,0.0473161567726449,0.01194496039692,-10,0.603743105,"TwoDiamonds-dunnindex-seed5"
1,"TwoDiamonds","silhouette","True",2,0.485918709357733,0.0220048899755519,1,0,"TwoDiamonds-silhouette-seed1"
1,"TwoDiamonds","silhouette","ICOT_local",2,0.485918709357733,0.0220048899755519,1,1426.844425707,"TwoDiamonds-silhouette-seed1"
1,"TwoDiamonds","silhouette","OCT",2,0.485918709357733,0.0220048899755519,1,0.082529091,"TwoDiamonds-silhouette-seed1"
1,"TwoDiamonds","silhouette","kmeans_plus",2,0.485918709357733,0.0220048899755519,1,2.136599755,"TwoDiamonds-silhouette-seed1"
1,"TwoDiamonds","silhouette","hclust",2,0.485259519815982,0.034080288605124,0.985037524550926,2.119337617,"TwoDiamonds-silhouette-seed1"
1,"TwoDiamonds","silhouette","gmm",2,0.485918709357733,0.0220048899755519,0,0.218361691,"TwoDiamonds-silhouette-seed1"
1,"TwoDiamonds","silhouette","dbscan",0.1,0.0473161567726449,0.01194496039692,-10,0.558167603,"TwoDiamonds-silhouette-seed1"
2,"TwoDiamonds","silhouette","True",2,0.485918709357733,0.0220048899755519,1,0,"TwoDiamonds-silhouette-seed2"
2,"TwoDiamonds","silhouette","ICOT_local",2,0.485918709357733,0.0220048899755519,1,1491.817587223,"TwoDiamonds-silhouette-seed2"
2,"TwoDiamonds","silhouette","OCT",2,0.485918709357733,0.0220048899755519,1,0.085911764,"TwoDiamonds-silhouette-seed2"
2,"TwoDiamonds","silhouette","kmeans_plus",2,0.485918709357733,0.0220048899755519,1,2.116868327,"TwoDiamonds-silhouette-seed2"
2,"TwoDiamonds","silhouette","hclust",2,0.485259519815982,0.034080288605124,0.985037524550926,2.109848122,"TwoDiamonds-silhouette-seed2"
2,"TwoDiamonds","silhouette","gmm",4,0.395298277202794,0.0155642661724306,-10,0.229292402,"TwoDiamonds-silhouette-seed2"
2,"TwoDiamonds","silhouette","dbscan",0.1,0.0473161567726449,0.01194496039692,-10,0.534979622,"TwoDiamonds-silhouette-seed2"
3,"TwoDiamonds","silhouette","True",2,0.485918709357733,0.0220048899755519,1,0,"TwoDiamonds-silhouette-seed3"
3,"TwoDiamonds","silhouette","ICOT_local",2,0.485918709357733,0.0220048899755519,1,1549.278033723,"TwoDiamonds-silhouette-seed3"
3,"TwoDiamonds","silhouette","OCT",2,0.485918709357733,0.0220048899755519,1,0.153684707,"TwoDiamonds-silhouette-seed3"
3,"TwoDiamonds","silhouette","kmeans_plus",2,0.485918709357733,0.0220048899755519,1,1.857118606,"TwoDiamonds-silhouette-seed3"
3,"TwoDiamonds","silhouette","hclust",2,0.485259519815982,0.034080288605124,0.985037524550926,2.742985288,"TwoDiamonds-silhouette-seed3"
3,"TwoDiamonds","silhouette","gmm",4,0.395298277202794,0.0155642661724306,-10,0.241796883,"TwoDiamonds-silhouette-seed3"
3,"TwoDiamonds","silhouette","dbscan",0.1,0.0473161567726449,0.01194496039692,-10,0.547809241,"TwoDiamonds-silhouette-seed3"
4,"TwoDiamonds","silhouette","True",2,0.485918709357733,0.0220048899755519,1,0,"TwoDiamonds-silhouette-seed4"
4,"TwoDiamonds","silhouette","ICOT_local",2,0.485918709357733,0.0220048899755519,1,1438.094972541,"TwoDiamonds-silhouette-seed4"
4,"TwoDiamonds","silhouette","OCT",2,0.485918709357733,0.0220048899755519,1,0.077464717,"TwoDiamonds-silhouette-seed4"
4,"TwoDiamonds","silhouette","kmeans_plus",2,0.485918709357733,0.0220048899755519,1,2.022358878,"TwoDiamonds-silhouette-seed4"
4,"TwoDiamonds","silhouette","hclust",2,0.485259519815982,0.034080288605124,0.985037524550926,2.128539254,"TwoDiamonds-silhouette-seed4"
4,"TwoDiamonds","silhouette","gmm",4,0.395298277202794,0.0155642661724306,-10,0.2237664,"TwoDiamonds-silhouette-seed4"
4,"TwoDiamonds","silhouette","dbscan",0.1,0.0473161567726449,0.01194496039692,-10,0.540753588,"TwoDiamonds-silhouette-seed4"
5,"TwoDiamonds","silhouette","True",2,0.485918709357733,0.0220048899755519,1,0,"TwoDiamonds-silhouette-seed5"
5,"TwoDiamonds","silhouette","ICOT_local",2,0.485918709357733,0.0220048899755519,1,1552.088206559,"TwoDiamonds-silhouette-seed5"
5,"TwoDiamonds","silhouette","OCT",2,0.485918709357733,0.0220048899755519,1,0.086055784,"TwoDiamonds-silhouette-seed5"
5,"TwoDiamonds","silhouette","kmeans_plus",2,0.485918709357733,0.0220048899755519,1,2.068927259,"TwoDiamonds-silhouette-seed5"
5,"TwoDiamonds","silhouette","hclust",2,0.485259519815982,0.034080288605124,0.985037524550926,2.091611162,"TwoDiamonds-silhouette-seed5"
5,"TwoDiamonds","silhouette","gmm",4,0.385948293136288,0.0237418931149128,-10,0.221622506,"TwoDiamonds-silhouette-seed5"
5,"TwoDiamonds","silhouette","dbscan",0.1,0.0473161567726449,0.01194496039692,-10,0.475612072,"TwoDiamonds-silhouette-seed5"
1,"WingNut","dunnindex","True",2,0.383884919047985,0.0632596124573361,1,0,"WingNut-dunnindex-seed1"
1,"WingNut","dunnindex","ICOT_local",2,0.383884919047985,0.0632596124573361,1,10494.451124703,"WingNut-dunnindex-seed1"
1,"WingNut","dunnindex","OCT",6,0.301979685430818,0.00853400853035174,-10,0.507207448,"WingNut-dunnindex-seed1"
1,"WingNut","dunnindex","kmeans_plus",6,0.313461609651599,0.0260004361504598,-10,3.39388512,"WingNut-dunnindex-seed1"
1,"WingNut","dunnindex","hclust",9,0.245677887746806,0.036384324979118,-10,2.713570391,"WingNut-dunnindex-seed1"
1,"WingNut","dunnindex","gmm",5,0.397097339199945,0.0151540808188073,-10,0.307852657,"WingNut-dunnindex-seed1"
1,"WingNut","dunnindex","dbscan",0.2,0.0265913250183859,0.0190788695928936,-10,0.664607133,"WingNut-dunnindex-seed1"
2,"WingNut","dunnindex","True",2,0.383884919047985,0.0632596124573361,1,0,"WingNut-dunnindex-seed2"
2,"WingNut","dunnindex","ICOT_local",2,0.383884919047985,0.0632596124573361,1,10945.946590909,"WingNut-dunnindex-seed2"
2,"WingNut","dunnindex","OCT",6,0.301979685430818,0.00853400853035174,-10,0.469015354,"WingNut-dunnindex-seed2"
2,"WingNut","dunnindex","kmeans_plus",6,0.313461609651599,0.0260004361504598,-10,3.354768637,"WingNut-dunnindex-seed2"
2,"WingNut","dunnindex","hclust",9,0.245677887746806,0.036384324979118,-10,2.720280706,"WingNut-dunnindex-seed2"
2,"WingNut","dunnindex","gmm",7,0.339867716364983,0.015585340598031,-10,0.282885453,"WingNut-dunnindex-seed2"
2,"WingNut","dunnindex","dbscan",0.2,0.0265913250183859,0.0190788695928936,-10,0.679085654,"WingNut-dunnindex-seed2"
3,"WingNut","dunnindex","True",2,0.383884919047985,0.0632596124573361,1,0,"WingNut-dunnindex-seed3"
3,"WingNut","dunnindex","ICOT_local",2,0.383884919047985,0.0632596124573361,1,10115.358130968,"WingNut-dunnindex-seed3"
3,"WingNut","dunnindex","OCT",6,0.298021256237294,0.00858995409274722,-10,0.483486071,"WingNut-dunnindex-seed3"
3,"WingNut","dunnindex","kmeans_plus",6,0.313461609651599,0.0260004361504598,-10,3.364947013,"WingNut-dunnindex-seed3"
3,"WingNut","dunnindex","hclust",9,0.245677887746806,0.036384324979118,-10,2.879516161,"WingNut-dunnindex-seed3"
3,"WingNut","dunnindex","gmm",10,0.28965926373673,0.018673223343763,-10,0.299049613,"WingNut-dunnindex-seed3"
3,"WingNut","dunnindex","dbscan",0.2,0.0265913250183859,0.0190788695928936,-10,0.743971027,"WingNut-dunnindex-seed3"
4,"WingNut","dunnindex","True",2,0.383884919047985,0.0632596124573361,1,0,"WingNut-dunnindex-seed4"
4,"WingNut","dunnindex","ICOT_local",2,0.383884919047985,0.0632596124573361,1,10751.083870994,"WingNut-dunnindex-seed4"
4,"WingNut","dunnindex","OCT",6,0.301979685430818,0.00853400853035174,-10,0.410186858,"WingNut-dunnindex-seed4"
4,"WingNut","dunnindex","kmeans_plus",6,0.313461609651599,0.0260004361504598,-10,3.389287502,"WingNut-dunnindex-seed4"
4,"WingNut","dunnindex","hclust",9,0.245677887746806,0.036384324979118,-10,2.784232085,"WingNut-dunnindex-seed4"
4,"WingNut","dunnindex","gmm",5,0.394862764454257,0.0144577012461327,-10,0.309018161,"WingNut-dunnindex-seed4"
4,"WingNut","dunnindex","dbscan",0.2,0.0265913250183859,0.0190788695928936,-10,0.790935167,"WingNut-dunnindex-seed4"
5,"WingNut","dunnindex","True",2,0.383884919047985,0.0632596124573361,1,0,"WingNut-dunnindex-seed5"
5,"WingNut","dunnindex","ICOT_local",2,0.383884919047985,0.0632596124573361,1,10743.177832112,"WingNut-dunnindex-seed5"
5,"WingNut","dunnindex","OCT",6,0.301979685430818,0.00853400853035174,-10,0.462536461,"WingNut-dunnindex-seed5"
5,"WingNut","dunnindex","kmeans_plus",6,0.313461609651599,0.0260004361504598,-10,3.423484837,"WingNut-dunnindex-seed5"
5,"WingNut","dunnindex","hclust",9,0.245677887746806,0.036384324979118,-10,2.800208434,"WingNut-dunnindex-seed5"
5,"WingNut","dunnindex","gmm",7,0.350912632005662,0.0231824577151487,-10,0.290770282,"WingNut-dunnindex-seed5"
5,"WingNut","dunnindex","dbscan",0.2,0.0265913250183859,0.0190788695928936,-10,0.720942715,"WingNut-dunnindex-seed5"
1,"WingNut","silhouette","True",2,0.383884919047985,0.0632596124573361,1,0,"WingNut-silhouette-seed1"
1,"WingNut","silhouette","ICOT_local",2,0.406475536235419,0.00212850450432953,0.145003188261511,1949.794447225,"WingNut-silhouette-seed1"
1,"WingNut","silhouette","OCT",4,0.421215606130905,0.0117951855750289,-10,0.358215507,"WingNut-silhouette-seed1"
1,"WingNut","silhouette","kmeans_plus",4,0.423269375584283,0.0237448582176614,-10,3.2515277,"WingNut-silhouette-seed1"
1,"WingNut","silhouette","hclust",4,0.417807032769423,0.0309123817001002,-10,2.717748334,"WingNut-silhouette-seed1"
1,"WingNut","silhouette","gmm",4,0.41271002340357,0.0113986370536258,-10,0.255179656,"WingNut-silhouette-seed1"
1,"WingNut","silhouette","dbscan",0.2,0.0265913250183859,0.0190788695928936,-10,0.656362379,"WingNut-silhouette-seed1"
2,"WingNut","silhouette","True",2,0.383884919047985,0.0632596124573361,1,0,"WingNut-silhouette-seed2"
2,"WingNut","silhouette","ICOT_local",2,0.406475536235419,0.00212850450432953,0.145003188261511,1903.162676259,"WingNut-silhouette-seed2"
2,"WingNut","silhouette","OCT",4,0.421215606130905,0.0117951855750289,-10,0.317681276,"WingNut-silhouette-seed2"
2,"WingNut","silhouette","kmeans_plus",4,0.423269375584283,0.0237448582176614,-10,2.985170438,"WingNut-silhouette-seed2"
2,"WingNut","silhouette","hclust",4,0.417807032769423,0.0309123817001002,-10,2.375104989,"WingNut-silhouette-seed2"
2,"WingNut","silhouette","gmm",4,0.398708162353669,0.0132494359427194,-10,0.229679327,"WingNut-silhouette-seed2"
2,"WingNut","silhouette","dbscan",0.2,0.0265913250183859,0.0190788695928936,-10,0.625170247,"WingNut-silhouette-seed2"
3,"WingNut","silhouette","True",2,0.383884919047985,0.0632596124573361,1,0,"WingNut-silhouette-seed3"
3,"WingNut","silhouette","ICOT_local",2,0.406475536235419,0.00212850450432953,0.145003188261511,2097.718408636,"WingNut-silhouette-seed3"
3,"WingNut","silhouette","OCT",4,0.421215606130905,0.0117951855750289,-10,0.281372202,"WingNut-silhouette-seed3"
3,"WingNut","silhouette","kmeans_plus",4,0.423269375584283,0.0237448582176614,-10,3.322902516,"WingNut-silhouette-seed3"
3,"WingNut","silhouette","hclust",4,0.417807032769423,0.0309123817001002,-10,2.712946176,"WingNut-silhouette-seed3"
3,"WingNut","silhouette","gmm",2,0.39753651624137,0.0132723378748324,0,0.243023296,"WingNut-silhouette-seed3"
3,"WingNut","silhouette","dbscan",0.2,0.0265913250183859,0.0190788695928936,-10,0.714084211,"WingNut-silhouette-seed3"
4,"WingNut","silhouette","True",2,0.383884919047985,0.0632596124573361,1,0,"WingNut-silhouette-seed4"
4,"WingNut","silhouette","ICOT_local",2,0.406475536235419,0.00212850450432953,0.145003188261511,1979.13440382,"WingNut-silhouette-seed4"
4,"WingNut","silhouette","OCT",4,0.421215606130905,0.0117951855750289,-10,0.306812039,"WingNut-silhouette-seed4"
4,"WingNut","silhouette","kmeans_plus",4,0.423269375584283,0.0237448582176614,-10,2.520588911,"WingNut-silhouette-seed4"
4,"WingNut","silhouette","hclust",4,0.417807032769423,0.0309123817001002,-10,1.566695567,"WingNut-silhouette-seed4"
4,"WingNut","silhouette","gmm",4,0.41271002340357,0.0113986370536258,-10,0.239131896,"WingNut-silhouette-seed4"
4,"WingNut","silhouette","dbscan",0.2,0.0265913250183859,0.0190788695928936,-10,0.54965455,"WingNut-silhouette-seed4"
